"study","name","email","address"," ""email"""," ""address"""
"Anderson_2008","Traute-Heidi Anderson","heidi.anderson@vti.bund.de","Johann Heinrich von Thünen-Institut, Federal Research Institute for Rural Areas, Forestry and Fisheries (vTI), Institute of Biodiversity, Bundesallee 50, 38116 Braunschweig/Germany",NA,NA
"Bassler_etal_2015","Claus Baessler","claus.baessler@npv-bw.bayern.de","Bavarian Forest National Park, Freyunger Str. 2, 94481 Grafenau, Germany",NA,NA
"Grigoriev_etal_2014","Igor Grigoriev","ivgrigoriev@lbl.gov","US Department of Energy Joint Genome Institute, 2800 Mitchell Drive, Walnut Creek, CA 94598, USA",NA,NA
"Maynard_etal_2017","Tom Crowther","thomas.crowther@yale.edu","205 Prospect St, New Haven, CT 06511-2106",NA,NA
"Mouginot_etal_2014","Adam Martiny","amartiny@uci.edu","Department of Earth System Science, University of California, Irvine, CA 92697, USA",NA,NA
"Powell_0000","Schlussler",NA,NA," ""jeff.powell@westernsydney.edu.au"""," ""Hawkesbury Institute for the Environment, Western Sydney University, Locked Bag 1797, Penrith NSW 2751, Australia"""
"Schlussler_spores","Schlussler",NA,NA,NA,NA
"Schoch_etal_2009","Conrad Schoch","schoch2@mail.nih.gov","Department of Botany and Plant Pathology, Oregon State University, Corvallis, OR 97331, USA",NA,NA
"Siletti_etal_2017","Jennifer M Talbot","jmtalbot@bu.edu","Department of Biology Boston University 5 Cummington StreetBoston, MA 02215",NA,NA
"Talbot_etal_2015","Jennifer M Talbot","jmtalbot@bu.edu","Department of Biology Boston University 5 Cummington StreetBoston, MA 02215",NA,NA
"Tedersoo_Smith_2013","Leho Tedersoo","leho.tedersoo@ut.ee","Natural History Museum, University of Tartu, Tartu, Estonia",NA,NA
"Treseder_etal_2016","Kathleen K. Treseder","treseder@uci.edu","Department of Ecology and Evolutionary Biology, University of California Irvine, Irvine, CA, USA",NA,NA
"Trocha_etal_2016","Lidia K. Trocha","lidiatrocha@gazeta.pl","Institute of Dendrology, Polish Academy of Sciences, 62-035 Kórnik, Poland",NA,NA
"Weete_2013","Meredith Blackwell","mblackwell@lsu.edu","Department of Biological Sciences, Louisiana State University, Baton Rouge, Louisiana, United States of America",NA,NA
"Zhang_and_Elser","James J Elser","jim.elser@flbs.umt.edu","School of Life Sciences,Arizona State University,Tempe, AZ 85287-450",NA,NA
