"variable","units","group","type","has_methods","essential","label","minValue","maxValue","allowableValues","description"
"species",NA,"species","character",TRUE,TRUE,"submitted latin binomial",NA,NA,NA,"submitted latin binomial"
"latitude","deg","site","numeric",TRUE,FALSE,"latitude where the taxon was observed or measured",-90,90,NA,"latitude where the taxon was observed or measured"
"longitude","deg","site","numeric",TRUE,FALSE,"longitude where the taxon was observed or measured",-180,180,NA,"longitude where the taxon was observed or measured"
"elevation","meters","site","numeric",TRUE,FALSE,"elevation of the site",NA,NA,NA,"Elevation of site"
"substrate",NA,"site","character",TRUE,NA,"substrate where the fungal biomass was collected",NA,NA,NA,"Substrate where the fungal biomass was collected from"
"mat","degrees celsius","site","numeric",TRUE,FALSE,"site mean annual temperature",-273.15,NA,NA,"Site mean annual temperature"
"map","milimeters","site","numeric",TRUE,FALSE,"site mean annual precipitation",0,100000,NA,"Site mean annual precipitation"
"dsDNA","ug/mg","species","numeric",TRUE,FALSE,"double strand DNA weight",NA,NA,NA,"double strand DNA weight"
"extension_rate","mm/day","species","numeric",TRUE,FALSE,"hyphal (or colony) extension rate",0,NA,NA,"hyphal (or colony) extension rate"
"em_expl",NA,"species","character",TRUE,FALSE,"Ectomychorhizal exploration type",NA,NA,"C,SD,MD,LD","Contact C: smooth mantles with only a very limited amount of emanating hyphae; Short Distance SD: the emanating hyphae are frequently very dense and grow a considerable distance into the surrounding soil; Medium Distance MD: forms rhizomorphs that grow a considerable distance into the soil, up to more than 30 to 50 mm; Long Distance LD: forms very long highly differentiated rhizomorphs with vessel-like hyphae, obtaining a length of several decimeters"
"em_text",NA,"species","character",TRUE,FALSE,"Ectomychorhizal texture",NA,NA,"Smooth,Fringe,Mat","Smooth: forms smooth mantles with only a very limited amount of emanating hyphae; Fringe: forms many rhizomorphs that are often interconnected by thinner filaments and by variably dense emanating hyphae; Mat: forms emanating hyphae and rhizomorphs that are densly aggregated"
"spore_width","um","species","numeric",TRUE,FALSE,"width of the spore",0,NA,NA,"width of spore"
"spore_length","um","species","numeric",TRUE,FALSE,"length of spore",0,NA,NA,"length of spore"
"spore_size","um3","species","numeric",TRUE,FALSE,"spore size, micrometers cubed",0,NA,NA,"spore size"
"sporocarp_resp","nmol/g/sec","species","numeric",TRUE,FALSE,"Sporocarp respiration",1e-07,1000000,NA,"Oxygen consumed by sporocarp caps and stems, as a measure of respiration"
"sporocarp_N","percent","species","numeric",TRUE,FALSE,"Sporocarp Nitrogen content",1e-07,100,NA,"%N in tissue of sporocarp caps and stems"
"sporocarp_protein","ug/mg","species","numeric",TRUE,FALSE,"Sporocarp Protein content",1e-07,1000000,NA,"Protein in tissue of sporocarp caps and stems"
"sporocarp_chitin","percent","species","numeric",TRUE,FALSE,"Sporocarp Chitin content",1e-07,100,NA,"% chitin in tissue of sporocarp caps and stems"
"sterol_type",NA,"species","character",TRUE,FALSE,"sterol type in fungi",NA,NA,NA," ""Sterols produce by fungi"""
"melanin_content","mg/g","species","numeric",TRUE,FALSE,"melanin content",0,NA,NA,"amount of melanin in tissue"
"cellobiohydrolase","umol/h/mg-biomass","species","numeric",TRUE,FALSE,"cellobiohydrolase",0,NA,NA,"Cellobiohydrolase_activity"
"beta_glucosidase","umol/h/mg-biomass","species","numeric",TRUE,FALSE,"beta_glucosidase",0,NA,NA,"Beta_glucosidase_activity"
"alpha_glucosidase","umol/h/mg-biomass","species","numeric",TRUE,FALSE,"alpha_glucosidase",0,NA,NA,"Alpha_glucosidase_activity"
"n_acetyl_glucosaminidase","umol/h/mg-biomass","species","numeric",TRUE,FALSE,"n_acetyl_glucosaminidase",0,NA,NA,"N_acetyl_glucosaminidase_activity"
"beta_xylosidase","umol/h/mg-biomass","species","numeric",TRUE,FALSE,"beta_xylosidase",0,NA,NA,"Beta_xylosidase_activity"
"acid_phosphatase","umol/h/mg-biomass","species","numeric",TRUE,FALSE,"acid_phosphatase",0,NA,NA,"Acid_phosphatase_activity"
"beta_glucuronidase","umol/h/mg-biomass","species","numeric",TRUE,FALSE,"beta_glucuronidase",0,NA,NA,"Beta_glucuronidase_activity"
"leucine_aminopeptidase","umol/h/mg-biomass","species","numeric",TRUE,FALSE,"leucine_aminopeptidase",0,NA,NA,"Leucine_aminopeptidase_activity"
"phenol_oxidase","umol/h/mg-biomass","species","numeric",TRUE,FALSE,"polyphenol_oxidase",0,NA,NA,"Polyphenol_oxidase_activity"
"peroxidase","umol/h/mg-biomass","species","numeric",TRUE,FALSE,"peroxidase",0,NA,NA,"Peroxidase_activity"
"tissue_c","percent","species","numeric",TRUE,FALSE,"percent mass carbon",0,99999999,NA,"Ratio of carbon mass in tissue per unit dry mass"
"tissue_n","percent","species","numeric",TRUE,FALSE,"percent mass carbon",0,99999999,NA,"Ratio of nitrogen mass in tissue per unit dry mass"
"tissue_p","percent","species","numeric",TRUE,FALSE,"percent mass carbon",0,99999999,NA,"Ratio of phosphorous mass in tissue per unit dry mass"
"tissue_cn","g/g","species","numeric",TRUE,FALSE,"carbon:nitrogen ratio in fungal tissue",0,NA,NA,"carbon:nitrogen ratio"
"tissue_cp","g/g","species","numeric",TRUE,FALSE,"carbon:phos ratio in fungal tissue",0,NA,NA,"carbon:phos ratio"
"tissue_np","g/g","species","numeric",TRUE,FALSE,"nitrogen:phos ratio in fungal tissue",0,NA,NA,"nitrogen:phos ratio"
"culture_media",NA,"site","character",TRUE,FALSE,"the culture media",NA,NA,"MEA, PDA, water_agar, soil,wood,leaf_litter,soil_agar,litter_agar,wood_agar,other_agar,MinimalMedia,CzapekMedium,PDB,PDA,HalfPDB,GlucoseYeastPeptone,LB,WartAgar","the media in which the isolate(s) were growing when measurements were taken"
"ascoma_development",NA,"species","character",TRUE,FALSE,"Ascomas are fruiting bodies produced by Ascomycota",NA,NA,"Ascohymenial,Ascolocular","There are two categories of ascoma development. Ascohymenial: asci arranged within a true hymenium.  Ascolocular: asci arranged within pre-formed locules. Ascoma are fruting bodies produced by fungi in the phylum Ascomycota."
"ascus_dehiscence",NA,"species","character",TRUE,FALSE,"process by which fungi release spores",NA,NA,"Operculate ,Poricidal , Non-poricidal,Deliquescent, Fissitunicate,Rostrate","Ascus dehisience is the process by which fungi release spores from the mature ascus"
"ascoma_type",NA,"species","character",TRUE,FALSE,"there are different ascoma type based on morphology",NA,NA,"Absent,Enclosed,Ostiolar,Exposed hymenium","Ascoma are fruting bodies produced by fungi in the phylum Ascomycota"
"fruiting_body_size","mm2","species","numeric",TRUE,FALSE,"fruiting body size",0,NA,NA,"area of fruiting body"
"aminoAcidPermease_count","gene_count","species","numeric",TRUE,FALSE,"AminoAcidPermease gene count",0,NA,NA,"AminoAcidPermease gene count per 10000 genes"
"ammoniumTransporter_count","gene_count","species","numeric",TRUE,FALSE,"Ammonium Transporter gene count",0,NA,NA,"Ammonium Transporter gene count per 10000 genes"
"auxinResponsivePromoter_count","gene_count","species","numeric",TRUE,FALSE,"AuxinResponsive Promoter gene count",0,NA,NA,"AuxinResponsive Promoter gene count per 10000 genes"
"betaGlucanSynthase_count","gene_count","species","numeric",TRUE,FALSE,"BetaGlucanSynthase gene count",0,NA,NA,"BetaGlucanSynthase gene count per 10000 genes"
"chitinase_count","gene_count","species","numeric",TRUE,FALSE,"chitinase gene count",0,NA,NA,"chitinase gene count per 10000 genes"
"coldShockProtein_count","gene_count","species","numeric",TRUE,FALSE,"ColdShockProtein gene count",0,NA,NA,"ColdShockProtein gene count per 10000 genes"
"fungalLigninPeroxidase_count","gene_count","species","numeric",TRUE,FALSE,"FungalLigninPeroxidase gene count",0,NA,NA,"FungalLigninPeroxidase gene count per 10000 genes"
"betaGlucosidase1_count","gene_count","species","numeric",TRUE,FALSE,"BetaGlucosidase 1 gene count",0,NA,NA,"BetaGlucosidase 1 gene count per 10000 genes"
"endoglucanase12_count","gene_count","species","numeric",TRUE,FALSE,"Endoglucanase 12 gene count",0,NA,NA,"Endoglucanase 12 gene count per 10000 genes"
"alphaGlucosidase15_count","gene_count","species","numeric",TRUE,FALSE,"AlphaGlucosidase 15 gene count",0,NA,NA,"AlphaGlucosidase 15 gene count per 10000 genes"
"alphaGlucosidase31_count","gene_count","species","numeric",TRUE,FALSE,"AlphaGlucosidase 31 gene count",0,NA,NA,"AlphaGlucosidase 31 gene count per 10000 genes"
"invertase32_count","gene_count","species","numeric",TRUE,FALSE,"Invertase 32 gene count",0,NA,NA,"Invertase 32 gene count per 10000 genes"
"betaXylosidase43_count","gene_count","species","numeric",TRUE,FALSE,"BetaXylosidase 43 gene count",0,NA,NA,"BetaXylosidase 43 gene count per 10000 genes"
"cellobiohydrolase6_count","gene_count","species","numeric",TRUE,FALSE,"Cellobiohydrolase 6 gene count",0,NA,NA,"Cellobiohydrolase 6 gene count per 10000 genes"
"crystalineCellulaseAA9_count","gene_count","species","numeric",TRUE,FALSE,"CrystalineCellulaseAA9 gene count",0,NA,NA,"CrystalineCellulaseAA9 gene count per 10000 genes"
"cellobiohydrolase7_count","gene_count","species","numeric",TRUE,FALSE,"Cellobiohydrolase 7 gene count",0,NA,NA,"Cellobiohydrolase 7 gene count per 10000 genes"
"alphaMannanase76_count","gene_count","species","numeric",TRUE,FALSE,"AlphaMannanase 76 gene count",0,NA,NA,"AlphaMannanase 76 gene count per 10000 genes"
"chitosanase8_count","gene_count","species","numeric",TRUE,FALSE,"Chitosanase 8 gene count",0,NA,NA,"Chitosanase 8 gene count per 10000 genes"
"glucosidase81_count","gene_count","species","numeric",TRUE,FALSE,"Glucosidase 81 gene count",0,NA,NA,"Glucosidase 81 gene count per 10000 genes"
"glycopeptidase85_count","gene_count","species","numeric",TRUE,FALSE,"Glycopeptidase 85 gene count",0,NA,NA,"Glycopeptidase 85 gene count per 10000 genes"
"amylase88_count","gene_count","species","numeric",TRUE,FALSE,"Amylase 88 gene count",0,NA,NA,"Amylase 88 gene count per 10000 genes"
"endoglucanase9_count","gene_count","species","numeric",TRUE,FALSE,"Endoglucanase 9 gene count",0,NA,NA,"Endoglucanase 9 gene count per 10000 genes"
"glycoproteinSynthesis92_count","gene_count","species","numeric",TRUE,FALSE,"Glycoprotein synthesis 92 gene count",0,NA,NA,"Glycoprotein synthesis 92 gene count per 10000 genes"
"heatShockProtein_count","gene_count","species","numeric",TRUE,FALSE,"HeatShock Protein gene count",0,NA,NA,"HeatShock Protein gene count per 10000 genes"
"melanin_count","gene_count","species","numeric",TRUE,FALSE,"melanin gene count",0,NA,NA,"melanin gene count per 10000 genes"
"nitrateTransporter_count","gene_count","species","numeric",TRUE,FALSE,"Nitrate Transporter gene count",0,NA,NA,"Nitrate Transporter gene count per 10000 genes"
"acidPhosphatase_count","gene_count","species","numeric",TRUE,FALSE,"Acid phosphate gene count",0,NA,NA,"Acid phosphate gene count per 10000 genes"
"phosphateTransporter_count","gene_count","species","numeric",TRUE,FALSE,"phosphateTransporter gene count",0,NA,NA,"phosphateTransporter gene count per 10000 genes"
"RNAHelicase_count","gene_count","species","numeric",TRUE,FALSE,"RNAHelicase gene count",0,NA,NA,"RNAHelicase gene count per 10000 genes"
"total_genes","genes","species","numeric",TRUE,FALSE,"total gene count",0,NA,NA,"total gene count in genome"
"trehalase_count","gene_count","species","numeric",TRUE,FALSE,"trehelase gene count",0,NA,NA,"trehelase gene count per 10000 genes"
"RNApolymerase_count","gene_count","species","numeric",TRUE,FALSE,"RNApolymerase gene count",0,NA,NA,"RNApolymerase gene count per 10000 genes"
"Cohens_d_Glucose","effect_size","species","numeric",TRUE,FALSE,"Effect size of warming effect on Glucose production",NA,NA,NA,"Effect of warming treatment on Glucose production, calculated as eg (meanwarmed − meanunwarmed)/((swarmed + sunwarmed)/2), where s mena standard deviation"
"Cohens_d_Cellulose","effect_size","species","numeric",TRUE,FALSE,"Effect size of warming effect on Cellulose production",NA,NA,NA,"Effect of warming treatment on Cellulose production, calculated as eg (meanwarmed − meanunwarmed)/((swarmed + sunwarmed)/2), where s mena standard deviation"
"Cohens_d_Xylan","effect_size","species","numeric",TRUE,FALSE,"Effect size of warming effect on Xylan production",NA,NA,NA,"Effect of warming treatment on Xylan production, calculated as eg (meanwarmed − meanunwarmed)/((swarmed + sunwarmed)/2), where s mena standard deviation"
"Cohens_d_Lignin","effect_size","species","numeric",TRUE,FALSE,"Effect size of warming effect on Ligning production",NA,NA,NA,"Effect of warming treatment on Lignin production, calculated as eg (meanwarmed − meanunwarmed)/((swarmed + sunwarmed)/2), where s mena standard deviation"
"Cohens_d_Tannin","effect_size","species","numeric",TRUE,FALSE,"Effect size of warming effect on Tannin production",NA,NA,NA,"Effect of warming treatment on Tannin production, calculated as eg (meanwarmed − meanunwarmed)/((swarmed + sunwarmed)/2), where s mena standard deviation"
"redChannel_mean","8bit","species","numeric",TRUE,FALSE,"mean value for red colour channel",0,10000000,NA,"mean value for red colour channel"
"redChannel_sd","8bit","species","numeric",TRUE,FALSE,"sd value for red colour channel",0,10000000,NA,"standard dev. value for red colour channel"
"greenChannel_mean","8bit","species","numeric",TRUE,FALSE,"mean value for green colour channel",0,10000000,NA,"mean value for green colour channel"
"greenChannel_sd","8bit","species","numeric",TRUE,FALSE,"sd value for green colour channel",0,10000000,NA,"standard dev. value for green colour channel"
"blueChannel_mean","8bit","species","numeric",TRUE,FALSE,"mean value for blue colour channel",0,10000000,NA,"mean value for blue colour channel"
"blueChannel_sd","8bit","species","numeric",TRUE,FALSE,"sd value for blue colour channel",0,10000000,NA,"standard dev. value for blue colour channel"
"colour_mean","8bit","species","character",TRUE,FALSE,"RGB colour code",0,1000000,NA,"RGB colour code"
"culture_notes",NA,"culture","character",TRUE,FALSE,"notes on conditions of the cultured fungi",0,1000000,NA,"notes on conditions of the cultured fungi"
