"study","Topic","Description"
"Anderson_2008","culture_preconditions","Martin`s agar as slant cultures and stored at 4 °C until use"
"Anderson_2008","culture_ph","7"
"Anderson_2008","culture_volume","200 ml"
"Anderson_2008","container_type","250 ml Erlenmeyer flasks"
"Anderson_2008","culture_media","fresh sterile modified Czapek-Dox liquid medium with yeast extract"
"Anderson_2008","culture_temp","20-25 °C"
"Anderson_2008","culture_community","individual"
"Anderson_2008","tissue_type","mycellium"
"Anderson_2008","experiment_type","Lab"
"Anderson_2008","replicates","3-5 per fungus"
"Bassler_etal_2015","tissue_type","fruit body and spore"
"Bassler_etal_2015","experiment_type","natural conditions and data compilation"
"Bassler_etal_2015","other","Spore volume was calculated from mean spore length and spore diameter, assuming an ellipsoid spore shape"
"Grigoriev_etal_2014","data_source","MycoCosm, accessed 7/24/2015: http://genome.jgi.doe.gov/programs/fungi/index.jsf"
"Grigoriev_etal_2014","experiment_type","data compilation"
"Maynard_etal_2017","culture_media","2% w/v malt extract agar"
"Maynard_etal_2017","culture_temp","22 oC"
"Maynard_etal_2017","culture_community","individual"
"Maynard_etal_2017","tissue_type","mycelia"
"Maynard_etal_2017","experiment_type","Lab"
"Mouginot_etal_2014","culture_preconditions","Mean annual temperature of 17 degrees C, and mean annual precipitation of 325 mm. Soils fine-loamy, mixed, thermic Typic Palexeralfs sandy loam (California Soil Resource Lab, http://casoilresource.lawr.ucdavis.edu) with a pH of 6.8. Litter layer consists of senesced plantmaterial fromprimarily exoticannual grasses of the genera Avena, Bromus, and Lolium as well as annualforbs such as Erodium, Lupinus, and Vicia."
"Mouginot_etal_2014","culture_volume","500 ml"
"Mouginot_etal_2014","container_type","petri dish"
"Mouginot_etal_2014","culture_media","solid malt extract agar (MEA) medium (agar 20 g/l, malt extract 5 g/l, yeast extract 5 g/l, C:N:P ratio w/o agar = 290:35:1"
"Mouginot_etal_2014","culture_temp","22 °C"
"Mouginot_etal_2014","culture_community","individual"
"Mouginot_etal_2014","tissue_type","mycellium"
"Mouginot_etal_2014","experiment_type","Lab"
"Mouginot_etal_2014","data_source","isolated from leaf litter from Mediterranean grassland ecosystem at Loma Ridge, CA (33.4 degrees N,117.4 degrees W, elevation 365 m)."
"Mouginot_etal_2014","other","Fungal cultures were obtained from leaf litter using a dilution to extinction method. Leaf litter was homogenized in a blade grinder,suspended in sterile water, rinsed, and passed through a series of filters to obtain a size fraction between 106 and 212 mm. Filtrate was suspended in 30 ml of 0.6% carboxy-methyl-cellulose solution."
"Powell_0000","culture_media","single-spore pot cultures, unknown host plant"
"Powell_0000","culture_temp","unknown"
"Powell_0000","culture_community","individual"
"Powell_0000","tissue_type","spore"
"Powell_0000","experiment_type","Lab"
"Schlussler_spores","tissue_type","sporocarp"
"Schlussler_spores","experiment_type","data compilation"
"Schoch_etal_2009","tissue_type","ascoma"
"Schoch_etal_2009","experiment_type","data compilation"
"Siletti_etal_2017","culture_preconditions","1-month old cultures on MMN media"
"Siletti_etal_2017","culture_volume","25 ml"
"Siletti_etal_2017","container_type","petri dish"
"Siletti_etal_2017","culture_media","liquid modified Melin-Norkrans (MMN) medium"
"Siletti_etal_2017","culture_temp","~ 21 degrees C"
"Siletti_etal_2017","culture_light","dark"
"Siletti_etal_2017","time_to_culture_harvest","100 days"
"Siletti_etal_2017","culture_community","individual"
"Siletti_etal_2017","tissue_type","mycellium"
"Siletti_etal_2017","experiment_type","Lab"
"Siletti_etal_2017","data_source","from either the U.S. Forest Service Center for Forest Mycology Research Culture Collection, Department of Tree-Microbe Interactions Culture Collection (INRA-Nancy), Max Plank Institute for Terrestrial Microbiology, individual research laboratories, or isolated from fruitbodies collected at the Cloquet Forestry Center in Cloquet, MN in October 2011"
"Siletti_etal_2017","other","Tissue was filtered by vacuum filtration onto a nylon filter (0.45 mM), rinsed twice with deionized water, and air-dried. Tissue was visually inspected for contamination, and to prepare samples for melanin assay, tissue was scraped off of filters and weighed into individual test tubes."
"Siletti_etal_2017","measurements","growth rate (as mg hyphae/day); melanin concentrations: Two replicate cultures of each species were assayed for melanin concentrations using the Azure A dye procedure following Fernandez and Koide (2014). Tissue was incubated in 3 mL Azure A stock dye for 90 min in the dark, the solution was filtered, and absorbance was measured at 610 nm. Melanin amount was calculated using a standard curve prepared with pure melanin extracted from Cenococcum geophilum hyphal tissue, following Fernandez and Koide (2014)."
"Talbot_etal_2015","culture_preconditions","1-month old cultures on MMN media"
"Talbot_etal_2015","culture_volume","15 ml"
"Talbot_etal_2015","container_type","petri dish"
"Talbot_etal_2015","culture_media","modified Melin-Norkrans (MMN) medium"
"Talbot_etal_2015","culture_temp","21 C"
"Talbot_etal_2015","culture_light","dark"
"Talbot_etal_2015","time_to_culture_harvest","100 days"
"Talbot_etal_2015","culture_community","individual"
"Talbot_etal_2015","tissue_type","mycellium"
"Talbot_etal_2015","experiment_type","Lab"
"Talbot_etal_2015","data_source","from either the U.S. Forest Service Center for Forest Mycology Research Culture Collection, Department of Tree-Microbe Interactions Culture Collection (INRA-Nancy), Max Plank Institute for Terrestrial Microbiology, individual research laboratories, or isolated from fruitbodies collected at the Cloquet Forestry Center in Cloquet, MN in October 2011"
"Talbot_etal_2015","other","Populus tremuloides was collected at the Cedar Creek Ecosystem Science Reserve in East Bethel, MN, in November 2011. Eight replicate dishes were inoculated with each fungal species by taking plugs of 1-month old cultures on MMN media with a sterile cork borer (6 mm diameter) and placing plugs on the surface of the leaves. Four plugs were added to each plate"
"Tedersoo_Smith_2013","Explotation Type","SD = short distance, LD = long distance, MD = middle distance, C = contact"
"Tedersoo_Smith_2013","Texture","qualitative description of mycelial texture (smooth, mat, fringe, etc.)"
"Treseder_etal_2016","culture_preconditions","plant communities were dominated by an overstory of Picea mariana (black spruce) and Populus tremuloides (quaking aspen) with an understory of grasses, lichens and mosses. Soils were inceptisols, and the local climate was cold and dry with a mean annual precipitation rate of 303 mm yr-1 and a mean annual temperature of –2°C. The plant growing season lasts between May and September."
"Treseder_etal_2016","treatments","substrate enrichment trial in situ (following McGuire et al., 2010). A selection of organic C compounds was added directly to the soil surface. Fungi that consistently became more prevalent in response to a given compound were likely to use that compound for growth or activity (McGuire et al., 2010). We selected lignin to represent recalcitrant C, cellulose and hemicellulose for intermediate C, and glucose for labile C. In July 2013—the same time we collected the litterbags from the warming experiment—we set up five substrate enrichment plots. Each plot was located between each pair of warming and control plots from the warming experiment."
"Treseder_etal_2016","data_source","boreal forest near Delta Junction, Alaska (63°55’N, 145°44’W)"
"Treseder_etal_2016","other","OTUs were generated from soil samples taken from a warming experiment in Alaska. Soils were amended with specific substrates to test for OTU use of carbon substrates. Results are reported as Cohen’s d statistic, where a postive value indicates increased prevalence of an OTU under a treatment, and negative indicates decreased prevalence."
"Trocha_etal_2016","culture_preconditions","Specimens collected form forest. Immature or very old sporocarps were avoided"
"Trocha_etal_2016","container_type","gas-measuremetnt chambers. The forests in Zwierzyniec comprised stands of conifer (Pinus sylvestris, Larix decidua, Pseudotsuga menziesii, Picea abies and Abies alba) and broadleaved species (Quercus robur, Fagus sylvatica, Betula pendula and Populus spp.). The stands in Murowana Goslina Experimental Forest were dominated by P. sylvestris, Quercus petraea, B. pendula, with trees of F. sylvatica, L. decidua and Populus tremula."
"Trocha_etal_2016","culture_media","1 mM CaSO4 and 5 mM 2-(N-morpholino)ethanesulfonic acid, adjusted with KOH to pH = 5·5"
"Trocha_etal_2016","culture_temp","20 degrees C"
"Trocha_etal_2016","time_to_culture_harvest","6 days"
"Trocha_etal_2016","culture_community","individual"
"Trocha_etal_2016","tissue_type","sporocarp"
"Trocha_etal_2016","experiment_type","Lab"
"Trocha_etal_2016","data_source","Zwierzyniec Experimental Forest (http://www.idpan.poznan.pl/general-info-sp-1926484673/188-experimental-fields) and in Murowana Goślina Experimental Forest (http://www.lzdmg.com.pl). Near Poznan city, in central Poland."
"Trocha_etal_2016","other","Species identities by morphology and/or using molecular identification based on barcoding using rDNA-ITS sequencing."
"Weete_2013","culture conditions","agar plates kept at 25 C"
"Zhang_and_Elser","culture_preconditions","Unknown"
"Zhang_and_Elser","culture_volume","Unknonwn"
"Zhang_and_Elser","container_type","Unknonwn"
"Zhang_and_Elser","culture_media","Unknown"
"Zhang_and_Elser","culture_temp","Unknown"
"Zhang_and_Elser","culture_light","Unknown"
"Zhang_and_Elser","time_to_culture_harvest",NA
"Zhang_and_Elser","culture_community","mostly individual"
"Zhang_and_Elser","tissue_type","mycellium"
"Zhang_and_Elser","experiment_type","data compilation"
"Zhang_and_Elser","data_source","Contents (percent of dry mass) or ratios of C, N, and P from studies. Studies that directly reported either absolute protein and RNA (or rRNA) content or protein:RNA ratio were also selected. Studies that measured macromolecular content only under severe limitation and far from optimal growth conditions were excluded.The protein:RNA ratio was converted to N:P ratio (28 entries for 18 species) according to a model developed by Loladze and Elser (2011). For studies that did not report %C, average C content (%C) data from the literature (44.0) was used to calculate C:N or C:P ratios from N content and P content."
"Zhang_and_Elser","other","Mean annual temperature, and mean annual precipitation data from 1950 to 2000 for the sampling sites of Agaricomycetes species were obtained from the WorldClim"
