"study","doi","url","citation"
"Anderson_2008","","","Anderson T (2008). 'Assessment of DNA contents of soil fungi.' Landbauforschung Volkenrode, 58(1/2), pp. 19."
"Bassler_etal_2015","","","Bässler C, Heilmann-Clausen J, Karasch P, Brandl R and Halbwachs H (2015). 'Ectomycorrhizal fungi have larger fruit bodies than saprotrophic fungi.' Fungal Ecology, 17, pp. 205-212."
"Grigoriev_etal_2014","","","Grigoriev IV, Nikitin R, Haridas S, Kuo A, Ohm R, Otillar R, Riley R, Salamov A, Zhao X, Korzeniewski F and others (2013). 'MycoCosm portal: gearing up for 1000 fungal genomes.' Nucleic Acids Research, pp. gkt1183."
"Maynard_etal_2017","","","Maynard DS, Bradford MA, Lindner DL, van Diepen LT, Frey SD, Glaeser JA and Crowther TW (2017). 'Diversity begets diversity in competition for space.' Nature Ecology \& Evolution."
"Mouginot_etal_2014","","","Mouginot C, Kawamura R, Matulich KL, Berlemont R, Allison SD, Amend AS and Martiny AC (2014). 'Elemental stoichiometry of Fungi and Bacteria strains from grassland leaf litter.' Soil Biology and Biochemistry, 76, pp. 278-285."
"Powell_0000","","","Powell J, Aguilar-Trigueros C, Deveautour C and Bissett A (In Prep.). 'A trait-based understanding of mycorrhizal symbiont dynamics in Australian environments.' Unpublished."
"Schlussler_spores","","","Schlussler (Unpublished).  "
"Schoch_etal_2009","","","Schoch CL, Sung G, López-Giráldez F, Townsend JP, Miadlikowska J, Hofstetter V, Robbertse B, Matheny PB, Kauff F, Wang Z and others (2009). 'The Ascomycota tree of life: a phylum-wide phylogeny clarifies the origin and evolution of fundamental reproductive and ecological traits.' Systematic biology, pp. syp020."
"Siletti_etal_2017","","","Siletti CE, Zeiner CA and Bhatnagar JM (2017). 'Distributions of fungal melanin across species and soils.' Soil Biology and Biochemistry, 113, pp. 285-293."
"Talbot_etal_2015","","","Talbot JM, Martin F, Kohler A, Henrissat B and Peay KG (2015). 'Functional guild classification predicts the enzymatic role of fungi in litter and soil biogeochemistry.' Soil Biology and Biochemistry, 88, pp. 441-456."
"Tedersoo_Smith_2013","","","Tedersoo L and Smith ME (2013). 'Lineages of ectomycorrhizal fungi revisited: foraging strategies and novel lineages revealed by sequences from belowground.' Fungal biology reviews, 27(3), pp. 83-99."
"Treseder_etal_2016","","","Treseder KK, Marusenko Y, Romero-Olivares AL and Maltz MR (2016). 'Experimental warming alters potential function of the fungal community in boreal forest.' Global change biology."
"Trocha_etal_2016","","","Trocha LK, Rudy E, Chen W, Dabert M and Eissenstat DM (2016). 'Linking the respiration of fungal sporocarps with their nitrogen concentration: variation among species, tissues, and guilds.' Functional Ecology."
"Weete_2013","","","Weete JD, Abril M and Blackwell M (2010). 'Phylogenetic distribution of fungal sterols.' PloS one, 5(5), pp. e10899."
"Zhang_and_Elser","","","Zhang J and Elser JJ (2017). 'Carbon: Nitrogen: Phosphorus Stoichiometry in Fungi: A Meta-Analysis.' Frontiers in microbiology, 8."
